idEvento;codigoAsiento;localidad;fila;numero;precio
EV001;VIP-A-01;VIP;A;1;350000
EV001;VIP-A-02;VIP;A;2;350000
EV001;VIP-A-03;VIP;A;3;350000
EV001;VIP-A-04;VIP;A;4;350000
EV001;VIP-A-05;VIP;A;5;350000
EV001;VIP-A-06;VIP;A;6;350000
EV001;PRE-B-01;Preferencial;B;1;250000
EV001;PRE-B-02;Preferencial;B;2;250000
EV001;PRE-B-03;Preferencial;B;3;250000
EV001;PRE-B-04;Preferencial;B;4;250000
EV001;PRE-B-05;Preferencial;B;5;250000
EV001;PRE-B-06;Preferencial;B;6;250000
EV001;GEN-C-01;General;C;1;150000
EV001;GEN-C-02;General;C;2;150000
EV001;GEN-C-03;General;C;3;150000
EV001;GEN-C-04;General;C;4;150000
EV001;GEN-C-05;General;C;5;150000
EV001;GEN-C-06;General;C;6;150000
EV002;OCC-A-01;Occidental;A;1;180000
EV002;OCC-A-02;Occidental;A;2;180000
EV002;OCC-A-03;Occidental;A;3;180000
EV002;OCC-A-04;Occidental;A;4;180000
EV002;OCC-A-05;Occidental;A;5;180000
EV002;OCC-A-06;Occidental;A;6;180000
EV002;ORI-B-01;Oriental;B;1;140000
EV002;ORI-B-02;Oriental;B;2;140000
EV002;ORI-B-03;Oriental;B;3;140000
EV002;ORI-B-04;Oriental;B;4;140000
EV002;ORI-B-05;Oriental;B;5;140000
EV002;ORI-B-06;Oriental;B;6;140000
EV002;NOR-C-01;Norte;C;1;90000
EV002;NOR-C-02;Norte;C;2;90000
EV002;NOR-C-03;Norte;C;3;90000
EV002;NOR-C-04;Norte;C;4;90000
EV002;NOR-C-05;Norte;C;5;90000
EV002;NOR-C-06;Norte;C;6;90000
EV003;PLA-A-01;Platea;A;1;160000
EV003;PLA-A-02;Platea;A;2;160000
EV003;PLA-A-03;Platea;A;3;160000
EV003;PLA-A-04;Platea;A;4;160000
EV003;PLA-A-05;Platea;A;5;160000
EV003;PLA-A-06;Platea;A;6;160000
EV003;BAL-B-01;Balcon;B;1;120000
EV003;BAL-B-02;Balcon;B;2;120000
EV003;BAL-B-03;Balcon;B;3;120000
EV003;BAL-B-04;Balcon;B;4;120000
EV003;BAL-B-05;Balcon;B;5;120000
EV003;BAL-B-06;Balcon;B;6;120000
EV003;GEN-C-01;General;C;1;80000
EV003;GEN-C-02;General;C;2;80000
EV003;GEN-C-03;General;C;3;80000
EV003;GEN-C-04;General;C;4;80000
EV003;GEN-C-05;General;C;5;80000
EV003;GEN-C-06;General;C;6;80000
